[
    {
        "0": 240,
        "1": 475,
        "2": 485,
        "3": 580,
        "4": 355,
        "5": 490,
        "6": 515,
        "7": 260,
        "8": 670,
        "9": 490,
        "10": 500,
        "11": 500,
        "12": 500,
        "13": 885,
        "14": 155,
        "15": 830,
        "16": 170,
        "17": 500,
        "18": 500,
        "19": 70,
        "20": 930,
        "21": 500,
        "22": 500
    },
    {
        "0": 120,
        "1": 515,
        "2": 515,
        "3": 625,
        "4": 340,
        "5": 505,
        "6": 490,
        "7": 290,
        "8": 680,
        "9": 500,
        "10": 510,
        "11": 500,
        "12": 500,
        "13": 885,
        "14": 165,
        "15": 830,
        "16": 170,
        "17": 500,
        "18": 500,
        "19": 70,
        "20": 930,
        "21": 500,
        "22": 500
    },
    {
        "0": 240,
        "1": 515,
        "2": 525,
        "3": 645,
        "4": 420,
        "5": 485,
        "6": 500,
        "7": 330,
        "8": 750,
        "9": 500,
        "10": 510,
        "11": 500,
        "12": 500,
        "13": 845,
        "14": 115,
        "15": 830,
        "16": 170,
        "17": 500,
        "18": 500,
        "19": 70,
        "20": 930,
        "21": 500,
        "22": 500
    },
    {
        "0": 120,
        "1": 485,
        "2": 485,
        "3": 660,
        "4": 375,
        "5": 510,
        "6": 495,
        "7": 320,
        "8": 710,
        "9": 490,
        "10": 500,
        "11": 500,
        "12": 500,
        "13": 835,
        "14": 115,
        "15": 830,
        "16": 170,
        "17": 500,
        "18": 500,
        "19": 70,
        "20": 930,
        "21": 500,
        "22": 500
    },
    {
     	"0": 500,
        "1": 500,
        "2": 500,
        "3": 640,
        "4": 360,
        "5": 500,
        "6": 500,
        "7": 350,
        "8": 650,
        "9": 500,
        "10": 500,
        "11": 500,
        "12": 500,
        "13": 835,
        "14": 165,
        "15": 830,
        "16": 170,
        "17": 500,
        "18": 500,
        "19": 150,
        "20": 850,
        "21": 500,
        "22": 500
    }

]
