[
    {
        "0": 500,
        "1": 430,
        "2": 460,
        "3": 640,
        "4": 360,
        "5": 460,
        "6": 540,
        "7": 350,
        "8": 650,
        "9": 490,
        "10": 520,
        "11": 500,
        "12": 500,
        "13": 885,
        "14": 115,
        "15": 830,
        "16": 170,
        "17": 500,
        "18": 500,
        "19": 70,
        "20": 930,
        "21": 500,
        "22": 500
    },
    {
        "0": 500,
        "1": 440,
        "2": 460,
        "3": 733,
        "4": 360,
        "5": 535,
        "6": 540,
        "7": 369,
        "8": 650,
        "9": 490,
        "10": 520,
        "11": 500,
        "12": 500,
        "13": 885,
        "14": 115,
        "15": 830,
        "16": 170,
        "17": 500,
        "18": 500,
        "19": 70,
        "20": 930,
        "21": 500,
        "22": 500
    },
    {
        "0": 200,
        "1": 450,
        "2": 460,
        "3": 556,
        "4": 360,
        "5": 455,
        "6": 540,
        "7": 239,
        "8": 650,
        "9": 490,
        "10": 520,
        "11": 500,
        "12": 500,
        "13": 885,
        "14": 115,
        "15": 830,
        "16": 170,
        "17": 500,
        "18": 500,
        "19": 70,
        "20": 930,
        "21": 500,
        "22": 500
    },
    {
        "0": 200,
        "1": 450,
        "2": 460,
        "3": 556,
        "4": 360,
        "5": 455,
        "6": 540,
        "7": 239,
        "8": 650,
        "9": 490,
        "10": 520,
        "11": 500,
        "12": 500,
        "13": 885,
        "14": 115,
        "15": 830,
        "16": 170,
        "17": 500,
        "18": 500,
        "19": 70,
        "20": 930,
        "21": 500,
        "22": 500
    },
    {
        "0": 500,
        "1": 430,
        "2": 460,
        "3": 640,
        "4": 360,
        "5": 460,
        "6": 540,
        "7": 330,
        "8": 650,
        "9": 500,
        "10": 520,
        "11": 500,
        "12": 500,
        "13": 885,
        "14": 115,
        "15": 830,
        "16": 170,
        "17": 500,
        "18": 500,
        "19": 70,
        "20": 930,
        "21": 500,
        "22": 500
    },
    {
        "0": 600,
        "1": 500,
        "2": 500,
        "3": 640,
        "4": 360,
        "5": 507,
        "6": 493,
        "7": 290,
        "8": 710,
        "9": 500,
        "10": 500,
        "11": 500,
        "12": 499,
        "13": 875,
        "14": 125,
        "15": 835,
        "16": 165,
        "17": 500,
        "18": 500,
        "19": 40,
        "20": 960,
        "21": 500,
        "22": 500
    }
]