[
    {
        "0": 400,
        "1": 480,
        "2": 480,
        "3": 640,
        "4": 360,
        "5": 500,
        "6": 500,
        "7": 330,
        "8": 670,
        "9": 480,
        "10": 480,
        "11": 500,
        "12": 500,
        "13": 835,
        "14": 165,
        "15": 830,
        "16": 200,
        "17": 500,
        "18": 500,
        "19": 70,
        "20": 930,
        "21": 500,
        "22": 500
    },
    {
        "0": 400,
        "1": 520,
        "2": 520,
        "3": 640,
        "4": 360,
        "5": 500,
        "6": 500,
        "7": 330,
        "8": 670,
        "9": 520,
        "10": 520,
        "11": 500,
        "12": 500,
        "13": 835,
        "14": 165,
        "15": 800,
        "16": 170,
        "17": 500,
        "18": 500,
        "19": 70,
        "20": 930,
        "21": 500,
        "22": 500
    },
    {
        "0": 400,
        "1": 480,
        "2": 480,
        "3": 640,
        "4": 360,
        "5": 500,
        "6": 500,
        "7": 330,
        "8": 670,
        "9": 480,
        "10": 480,
        "11": 500,
        "12": 500,
        "13": 835,
        "14": 165,
        "15": 830,
        "16": 200,
        "17": 500,
        "18": 500,
        "19": 70,
        "20": 930,
        "21": 500,
        "22": 500
    },
    {
        "0": 400,
        "1": 520,
        "2": 520,
        "3": 640,
        "4": 360,
        "5": 500,
        "6": 500,
        "7": 330,
        "8": 670,
        "9": 520,
        "10": 520,
        "11": 500,
        "12": 500,
        "13": 835,
        "14": 165,
        "15": 800,
        "16": 170,
        "17": 500,
        "18": 500,
        "19": 70,
        "20": 930,
        "21": 500,
        "22": 500
    },
    {
        "0": 200,
        "1": 500,
        "2": 500,
        "3": 640,
        "4": 360,
        "5": 500,
        "6": 500,
        "7": 330,
        "8": 670,
        "9": 500,
        "10": 500,
        "11": 500,
        "12": 500,
        "13": 835,
        "14": 165,
        "15": 830,
        "16": 170,
        "17": 500,
        "18": 500,
        "19": 70,
        "20": 930,
        "21": 500,
        "22": 500
    }
]